input_name,matched_name,symbol,yfinance_ticker,confidence
ICICI Bank Ltd.,ICICI Bank Limited,ICICIBANK,ICICIBANK.NS,100.0
HDFC Bank Ltd.,HDFC Bank Limited,HDFCBANK,HDFCBANK.NS,100.0
Axis Bank Ltd.,Axis Bank Limited,AXISBANK,AXISBANK.NS,100.0
State Bank of India,State Bank of India,SBIN,SBIN.NS,100.0
Kotak Mahindra Bank Limited,Kotak Mahindra Bank Limited,KOTAKBANK,KOTAKBANK.NS,100.0
SBI Life Insurance Company Ltd.,SBI Life Insurance Company Limited,SBILIFE,SBILIFE.NS,100.0
Maruti Suzuki India Limited,Maruti Suzuki India Limited,MARUTI,MARUTI.NS,100.0
Cipla Ltd.,Cipla Limited,CIPLA,CIPLA.NS,100.0
HCL Technologies Ltd.,HCL Technologies Limited,HCLTECH,HCLTECH.NS,100.0
Hyundai Motor India Limited,Hyundai Motor India Limited,HYUNDAI,HYUNDAI.NS,100.0
Eicher Motors Ltd.,Eicher Motors Limited,EICHERMOT,EICHERMOT.NS,100.0
Bharti Airtel Ltd.,Bharti Airtel Limited,BHARTIARTL,BHARTIARTL.NS,100.0
Power Grid Corporation of India Ltd.,Power Grid Corporation of India Limited,POWERGRID,POWERGRID.NS,100.0
Bajaj Auto Limited,Bajaj Auto Limited,BAJAJ-AUTO,BAJAJ-AUTO.NS,100.0
Piramal Pharma Limited,Piramal Pharma Limited,PPLPHARMA,PPLPHARMA.NS,100.0
JSW Steel Ltd.,JSW Steel Limited,JSWSTEEL,JSWSTEEL.NS,100.0
Tata Steel Ltd.,Tata Steel Limited,TATASTEEL,TATASTEEL.NS,100.0
Bank of Baroda,Bank of Baroda,BANKBARODA,BANKBARODA.NS,100.0
Bosch Limited,Bosch Limited,BOSCHLTD,BOSCHLTD.NS,100.0
Infosys Limited,Infosys Limited,INFY,INFY.NS,100.0
InterGlobe Aviation Ltd.,InterGlobe Aviation Limited,INDIGO,INDIGO.NS,100.0
Oil & Natural Gas Corporation Ltd.,Oil & Natural Gas Corporation Limited,ONGC,ONGC.NS,100.0
Larsen and Toubro Ltd.,Larsen & Toubro Limited,LT,LT.NS,86.66666666666667
Fsn Ecommerce Ventures Limited (Nykaa),FSN E-Commerce Ventures Limited,NYKAA,NYKAA.NS,88.0
Laurus Labs Ltd.,Laurus Labs Limited,LAURUSLABS,LAURUSLABS.NS,100.0
Nuvoco Vistas Corporation Ltd.,Nuvoco Vistas Corporation Limited,NUVOCO,NUVOCO.NS,100.0
Havells India Ltd.,Havells India Limited,HAVELLS,HAVELLS.NS,100.0
Hindalco Industries Ltd.,Hindalco Industries Limited,HINDALCO,HINDALCO.NS,100.0
Dr. Lal Path Labs Ltd,Dr. Lal Path Labs Ltd.,LALPATHLAB,LALPATHLAB.NS,100.0
SAPPHIRE FOODS INDIA LIMITED,Sapphire Foods India Limited,SAPPHIRE,SAPPHIRE.NS,100.0
Cyient Ltd.,Cyient Limited,CYIENT,CYIENT.NS,100.0
United Spirits Limited,United Spirits Limited,UNITDSPR,UNITDSPR.NS,100.0
Varroc Engineering Limited,Varroc Engineering Limited,VARROC,VARROC.NS,100.0
Kalpataru Projects International Ltd,Kalpataru Projects International Limited,KPIL,KPIL.NS,100.0
Apollo Hospitals Enterprise Ltd.,Apollo Hospitals Enterprise Limited,APOLLOHOSP,APOLLOHOSP.NS,100.0
Swiggy Limited,Swiggy Limited,SWIGGY,SWIGGY.NS,100.0
Tata Consultancy Services Ltd.,Tata Consultancy Services Limited,TCS,TCS.NS,100.0
Crompton Greaves Consumer Elec. Ltd.,Crompton Greaves Consumer Electricals Limited,CROMPTON,CROMPTON.NS,89.55223880597015
ESCORTS KUBOTA LIMITED,Escorts Kubota Limited,ESCORTS,ESCORTS.NS,100.0
CIE Automotive India Ltd,CIE Automotive India Limited,CIEINDIA,CIEINDIA.NS,100.0
JK Lakshmi Cement Ltd,JK Lakshmi Cement Limited,JKLAKSHMI,JKLAKSHMI.NS,100.0
The Ramco Cements Ltd.,The Ramco Cements Limited,RAMCOCEM,RAMCOCEM.NS,100.0
Metropolis Healthcare Ltd.,Metropolis Healthcare Limited,METROPOLIS,METROPOLIS.NS,100.0
Ashok Leyland Ltd,Ashok Leyland Limited,ASHOKLEY,ASHOKLEY.NS,100.0
Sundram Fasteners Ltd.,Sundram Fasteners Limited,SUNDRMFAST,SUNDRMFAST.NS,100.0
Restaurant Brands Asia Limited,Restaurant Brands Asia Limited,RBA,RBA.NS,100.0
Birlasoft Limited,BIRLASOFT LIMITED,BSOFT,BSOFT.NS,100.0
Zee Entertainment Enterprises Ltd.,Zee Entertainment Enterprises Limited,ZEEL,ZEEL.NS,100.0
Ramco Systems Ltd.,Ramco Systems Limited,RAMCOSYS,RAMCOSYS.NS,100.0
HDFC Bank Ltd.,HDFC Bank Limited,HDFCBANK,HDFCBANK.NS,100.0
Reliance Industries Ltd.,Reliance Industries Limited,RELIANCE,RELIANCE.NS,100.0
Kotak Mahindra Bank Ltd.,Kotak Mahindra Bank Limited,KOTAKBANK,KOTAKBANK.NS,100.0
ITC LIMITED,ITC Limited,ITC,ITC.NS,100.0
ICICI Lombard General Insurance Co,ICICI Lombard General Insurance Company Limited,ICICIGI,ICICIGI.NS,88.57142857142857
Lupin Ltd.,Lupin Limited,LUPIN,LUPIN.NS,100.0
HDFC Life Insurance Company Limited,HDFC Life Insurance Company Limited,HDFCLIFE,HDFCLIFE.NS,100.0
Transport Corporation of India Ltd.,Transport Corporation of India Limited,TCI,TCI.NS,100.0
Max Financial Services Ltd.,Max Financial Services Limited,MFSL,MFSL.NS,100.0
Jindal Steel Limited.,JINDAL STEEL LIMITED,JINDALSTEL,JINDALSTEL.NS,100.0
Alkem Laboratories Ltd.,Alkem Laboratories Limited,ALKEM,ALKEM.NS,100.0
Delhivery Limited,Delhivery Limited,DELHIVERY,DELHIVERY.NS,100.0
Creditaccess Grameen Limited,CREDITACCESS GRAMEEN LIMITED,CREDITACC,CREDITACC.NS,100.0
Gland Pharma Ltd.,Gland Pharma Limited,GLAND,GLAND.NS,100.0
Godrej Consumer Products Ltd.,Godrej Consumer Products Limited,GODREJCP,GODREJCP.NS,100.0
Redington Ltd.,Redington Limited,REDINGTON,REDINGTON.NS,100.0
The Anup Engineering Limited,The Anup Engineering Limited,ANUP,ANUP.NS,100.0
Voltamp Transformers Ltd.,Voltamp Transformers Limited,VOLTAMP,VOLTAMP.NS,100.0
Gujarat State Petronet Ltd.,Gujarat State Petronet Limited,GSPL,GSPL.NS,100.0
Blue Dart Express Ltd.,Blue Dart Express Limited,BLUEDART,BLUEDART.NS,100.0
Gateway Distriparks Limited,Gateway Distriparks Limited,GATEWAY,GATEWAY.NS,100.0
Chambal Fertilizers & Chemicals Ltd.,Chambal Fertilizers & Chemicals Limited,CHAMBLFERT,CHAMBLFERT.NS,100.0
Gujarat Gas Ltd.,Gujarat Gas Limited,GUJGASLTD,GUJGASLTD.NS,100.0
Bajaj Electricals Ltd.,Bajaj Electricals Limited,BAJAJELEC,BAJAJELEC.NS,100.0
Balrampur Chini Mills Ltd.,Balrampur Chini Mills Limited,BALRAMCHIN,BALRAMCHIN.NS,100.0
Crisil Limited,CRISIL Limited,CRISIL,CRISIL.NS,100.0
Ceat Ltd.,CEAT Limited,CEATLTD,CEATLTD.NS,100.0
Mahindra & Mahindra Limited,Mahindra & Mahindra Limited,M&M,M&M.NS,100.0
Star Health and Allied Insurance Company Ltd,Star Health and Allied Insurance Company Limited,STARHEALTH,STARHEALTH.NS,100.0
Finolex Industries Ltd.,Finolex Industries Limited,FINPIPE,FINPIPE.NS,100.0
VRL Logistics Ltd.,VRL Logistics Limited,VRLLOG,VRLLOG.NS,100.0
Great Eastern Shipping Company Ltd.,The Great Eastern Shipping Company Limited,GESHIP,GESHIP.NS,93.75
PNC Infratech Ltd.,PNC Infratech Limited,PNCINFRA,PNCINFRA.NS,100.0
Symphony Ltd.,Symphony Limited,SYMPHONY,SYMPHONY.NS,100.0
Mahindra Holidays & Resorts Ind Ltd.,Mahindra Holidays & Resorts India Limited,MHRIL,MHRIL.NS,96.66666666666669
Equitas Small Finance Bank Ltd,Equitas Small Finance Bank Limited,EQUITASBNK,EQUITASBNK.NS,100.0
Prestige Estates Projects Ltd.,Prestige Estates Projects Limited,PRESTIGE,PRESTIGE.NS,100.0
GNA Axles Ltd.,GNA Axles Limited,GNA,GNA.NS,100.0
Timken India Ltd.,Timken India Limited,TIMKEN,TIMKEN.NS,100.0
KEC International Ltd.,KEC International Limited,KEC,KEC.NS,100.0
Nippon Life India Asset Management Limited,Nippon Life India Asset Management Limited,NAM-INDIA,NAM-INDIA.NS,100.0
Nilkamal Ltd.,Nilkamal Limited,NILKAMAL,NILKAMAL.NS,100.0
Britannia Industries Ltd.,Britannia Industries Limited,BRITANNIA,BRITANNIA.NS,100.0
Bajaj Finance Ltd.,Bajaj Finance Limited,BAJFINANCE,BAJFINANCE.NS,100.0
Coforge Limited,Coforge Limited,COFORGE,COFORGE.NS,100.0
Mahindra & Mahindra Ltd.,Mahindra & Mahindra Limited,M&M,M&M.NS,100.0
Sun Pharmaceutical Industries Ltd.,Sun Pharmaceutical Industries Limited,SUNPHARMA,SUNPHARMA.NS,100.0
Tata Communications Limited,Tata Communications Limited,TATACOMM,TATACOMM.NS,100.0
JSW Infrastructure Limited,JSW Infrastructure Limited,JSWINFRA,JSWINFRA.NS,100.0
MphasiS Limited.,MphasiS Limited,MPHASIS,MPHASIS.NS,100.0
Five-Star Business Finance Limited,Five-Star Business Finance Limited,FIVESTAR,FIVESTAR.NS,100.0
Chalet Hotels Ltd.,Chalet Hotels Limited,CHALET,CHALET.NS,100.0
Indian Hotels Company Ltd.,The Indian Hotels Company Limited,INDHOTEL,INDHOTEL.NS,91.30434782608695
Dixon Technologies (India) Ltd.,Dixon Technologies (India) Limited,DIXON,DIXON.NS,100.0
Hindustan Unilever Ltd.,Hindustan Unilever Limited,HINDUNILVR,HINDUNILVR.NS,100.0
Ambuja Cements Ltd.,Ambuja Cements Limited,AMBUJACEM,AMBUJACEM.NS,100.0
Gabriel India Ltd.,Gabriel India Limited,GABRIEL,GABRIEL.NS,100.0
ICICI Lombard General Insurance,ICICI Lombard General Insurance Company Limited,ICICIGI,ICICIGI.NS,88.57142857142857
Centum Electronics Ltd.,Centum Electronics Limited,CENTUM,CENTUM.NS,100.0
Vishal Mega Mart Limited,Vishal Mega Mart Limited,VMM,VMM.NS,100.0
Balkrishna Industries Ltd.,Balkrishna Industries Limited,BALKRISIND,BALKRISIND.NS,100.0
L&T Finance Ltd.,L&T Finance Limited,LTF,LTF.NS,100.0
Shriram Finance Ltd.,Shriram Finance Limited,SHRIRAMFIN,SHRIRAMFIN.NS,100.0
Apar Industries Limited,Apar Industries Limited,APARINDS,APARINDS.NS,100.0
Vesuvius India Ltd.,Vesuvius India Limited,VESUVIUS,VESUVIUS.NS,100.0
UltraTech Cement Limited,UltraTech Cement Limited,ULTRACEMCO,ULTRACEMCO.NS,100.0
Indusind Bank Ltd.,IndusInd Bank Limited,INDUSINDBK,INDUSINDBK.NS,100.0
Hindustan Aeronautics Limited,Hindustan Aeronautics Limited,HAL,HAL.NS,100.0
PNB Housing Finance Ltd.,PNB Housing Finance Limited,PNBHOUSING,PNBHOUSING.NS,100.0
Max Healthcare Institute Limited,Max Healthcare Institute Limited,MAXHEALTH,MAXHEALTH.NS,100.0
Au Small Finance Bank Ltd.,AU Small Finance Bank Limited,AUBANK,AUBANK.NS,100.0
Persistent Systems Limited,Persistent Systems Limited,PERSISTENT,PERSISTENT.NS,100.0
Aster DM Healthcare Limited,Aster DM Healthcare Limited,ASTERDM,ASTERDM.NS,100.0
Eris Lifesciences Ltd,Eris Lifesciences Limited,ERIS,ERIS.NS,100.0
NTPC Limited,NTPC Limited,NTPC,NTPC.NS,100.0
Voltas Ltd.,Voltas Limited,VOLTAS,VOLTAS.NS,100.0
The Federal Bank Ltd.,The Federal Bank  Limited,FEDERALBNK,FEDERALBNK.NS,100.0
Wheels India Ltd.,Wheels India Limited,WHEELS,WHEELS.NS,100.0
Bharat Electronics Ltd.,Bharat Electronics Limited,BEL,BEL.NS,100.0
Coal India Ltd.,Coal India Limited,COALINDIA,COALINDIA.NS,100.0
Devyani International Ltd,Devyani International Limited,DEVYANI,DEVYANI.NS,100.0
Trent Ltd.,Trent Limited,TRENT,TRENT.NS,100.0
Apollo Tyres Ltd.,Apollo Tyres Limited,APOLLOTYRE,APOLLOTYRE.NS,100.0
HDFC Life Insurance Company Ltd.,HDFC Life Insurance Company Limited,HDFCLIFE,HDFCLIFE.NS,100.0
Wockhardt Ltd.,Wockhardt Limited,WOCKPHARMA,WOCKPHARMA.NS,100.0
Gulf Oil Lubricants India Ltd.,Gulf Oil Lubricants India Limited,GULFOILLUB,GULFOILLUB.NS,100.0
PB Fintech Limited,PB Fintech Limited,POLICYBZR,POLICYBZR.NS,100.0
Mahindra & Mahindra Financial Services Ltd.,Mahindra & Mahindra Financial Services Limited,M&MFIN,M&MFIN.NS,100.0
Sona Blw Precision Forgings,Sona BLW Precision Forgings Limited,SONACOMS,SONACOMS.NS,100.0
Muthoot Finance Ltd.,Muthoot Finance Limited,MUTHOOTFIN,MUTHOOTFIN.NS,100.0
Supreme Industries Ltd.,Supreme Industries Limited,SUPREMEIND,SUPREMEIND.NS,100.0
IDFC First Bank Limited,IDFC First Bank Limited,IDFCFIRSTB,IDFCFIRSTB.NS,100.0
Ipca Laboratories Ltd.,IPCA Laboratories Limited,IPCALAB,IPCALAB.NS,100.0
Kalpataru Projects International Ltd.,Kalpataru Projects International Limited,KPIL,KPIL.NS,100.0
Oil India Limited,Oil India Limited,OIL,OIL.NS,100.0
Dabur India Ltd.,Dabur India Limited,DABUR,DABUR.NS,100.0
Zensar Technologies Ltd.,Zensar Technologies Limited,ZENSARTECH,ZENSARTECH.NS,100.0
Aditya Birla Capital ltd.,Aditya Birla Capital Limited,ABCAPITAL,ABCAPITAL.NS,100.0
Bharat Forge Ltd.,Bharat Forge Limited,BHARATFORG,BHARATFORG.NS,100.0
Lumax Industries Ltd,Lumax Industries Limited,LUMAXIND,LUMAXIND.NS,100.0
City Union Bank Ltd.,City Union Bank Limited,CUB,CUB.NS,100.0
Suprajit Engineering Ltd.,Suprajit Engineering Limited,SUPRAJIT,SUPRAJIT.NS,100.0
Alembic Pharmaceuticals Limited,Alembic Pharmaceuticals Limited,APLLTD,APLLTD.NS,100.0
SKF India Ltd.,SKF India Limited,SKFINDIA,SKFINDIA.NS,100.0
UTI Asset Management Company Ltd,UTI Asset Management Company Limited,UTIAMC,UTIAMC.NS,100.0
Sonata Software Ltd.,Sonata Software Limited,SONATSOFTW,SONATSOFTW.NS,100.0
Procter & Gamble Health Ltd.,Procter & Gamble Health Limited,PGHL,PGHL.NS,100.0
Bayer Cropscience Ltd,Bayer Cropscience Limited,BAYERCROP,BAYERCROP.NS,100.0
Wipro Ltd.,Wipro Limited,WIPRO,WIPRO.NS,100.0
Kirloskar Industries Ltd.,Kirloskar Industries Limited,KIRLOSIND,KIRLOSIND.NS,100.0
Popular Vehicles and Services Limited,Popular Vehicles and Services Limited,PVSL,PVSL.NS,100.0
Rolex Rings Limited,Rolex Rings Limited,ROLEXRINGS,ROLEXRINGS.NS,100.0
Bajaj Housing Finance Ltd.,Bajaj Housing Finance Limited,BAJAJHFL,BAJAJHFL.NS,100.0
Power Grid Corporation of India Ltd .,Power Grid Corporation of India Limited,POWERGRID,POWERGRID.NS,100.0
Lupin Limited,Lupin Limited,LUPIN,LUPIN.NS,100.0
Greaves Cotton Ltd.,Greaves Cotton Limited,GREAVESCOT,GREAVESCOT.NS,100.0
Sundaram Finance Ltd.,Sundaram Finance Limited,SUNDARMFIN,SUNDARMFIN.NS,100.0
Motilal Oswal Financial Services,Motilal Oswal Financial Services Limited,MOTILALOFS,MOTILALOFS.NS,100.0
Gujarat Ambuja Exports Ltd.,Gujarat Ambuja Exports Limited,GAEL,GAEL.NS,100.0
Suprajit Engineering Limited,Suprajit Engineering Limited,SUPRAJIT,SUPRAJIT.NS,100.0
SRF Ltd.,SRF Limited,SRF,SRF.NS,100.0
Tata Consultancy Services Limited,Tata Consultancy Services Limited,TCS,TCS.NS,100.0
DLF LIMITED,DLF Limited,DLF,DLF.NS,100.0
Titan Company Ltd.,Titan Company Limited,TITAN,TITAN.NS,100.0
CG Power and Industrial Solutions Ltd.,CG Power and Industrial Solutions Limited,CGPOWER,CGPOWER.NS,100.0
Siemens Energy India Limited,Siemens Energy India Limited,ENRIN,ENRIN.NS,100.0
Siemens Ltd.,Siemens Limited,SIEMENS,SIEMENS.NS,100.0
Tata Motors Ltd.,Tata Motors Limited,TATAMOTORS,TATAMOTORS.NS,100.0
Torrent Pharmaceuticals Ltd.,Torrent Pharmaceuticals Limited,TORNTPHARM,TORNTPHARM.NS,100.0
Cummins India Ltd.,Cummins India Limited,CUMMINSIND,CUMMINSIND.NS,100.0
ITC Hotels Limited,ITC Hotels Limited,ITCHOTELS,ITCHOTELS.NS,100.0
Eternal Limited,ETERNAL LIMITED,ETERNAL,ETERNAL.NS,100.0
Bajaj Finserv Ltd.,Bajaj Finserv Limited,BAJAJFINSV,BAJAJFINSV.NS,100.0
MANKIND PHARMA LIMITED,Mankind Pharma Limited,MANKIND,MANKIND.NS,100.0
Tata Consumer Products Limited,TATA CONSUMER PRODUCTS LIMITED,TATACONSUM,TATACONSUM.NS,100.0
Adani Ports & Special Economic Zone,Adani Ports and Special Economic Zone Limited,ADANIPORTS,ADANIPORTS.NS,94.28571428571428
Indian Bank,Indian Bank,INDIANB,INDIANB.NS,100.0
Fortis Healthcare Limited,Fortis Healthcare Limited,FORTIS,FORTIS.NS,100.0
Glenmark Pharmaceuticals Ltd.,Glenmark Pharmaceuticals Limited,GLENMARK,GLENMARK.NS,100.0
Marico Ltd.,Marico Limited,MARICO,MARICO.NS,100.0
Aurobindo Pharma Ltd.,Aurobindo Pharma Limited,AUROPHARMA,AUROPHARMA.NS,100.0
Union Bank of India,Union Bank of India,UNIONBANK,UNIONBANK.NS,100.0
AIA Engineering Ltd.,AIA Engineering Limited,AIAENG,AIAENG.NS,100.0
Indraprastha Gas Ltd.,Indraprastha Gas Limited,IGL,IGL.NS,100.0
Hexaware Technologies Ltd.,Hexaware Technologies Limited,HEXT,HEXT.NS,100.0
Coromandel International Limited,Coromandel International Limited,COROMANDEL,COROMANDEL.NS,100.0
ACC Ltd.,ACC Limited,ACC,ACC.NS,100.0
Karur Vysya Bank Ltd.,Karur Vysya Bank Limited,KARURVYSYA,KARURVYSYA.NS,100.0
GUJARAT FLUOROCHEMICALS LIMITED,Gujarat Fluorochemicals Limited,FLUOROCHEM,FLUOROCHEM.NS,100.0
Cholamandalam Financial Holdings Ltd.,Cholamandalam Financial Holdings Limited,CHOLAHLDNG,CHOLAHLDNG.NS,100.0
Emami Ltd.,Emami Limited,EMAMILTD,EMAMILTD.NS,100.0
Greenlam Industries Ltd.,Greenlam Industries Limited,GREENLAM,GREENLAM.NS,100.0
KNR Construction Limited,KNR Constructions Limited,KNRCON,KNRCON.NS,96.96969696969695
Vardhman Textiles Ltd.,Vardhman Textiles Limited,VTL,VTL.NS,100.0
Aarti Industries Ltd.,Aarti Industries Limited,AARTIIND,AARTIIND.NS,100.0
Arvind Limited,Arvind Limited,ARVIND,ARVIND.NS,100.0
Navneet Education Ltd.,Navneet Education Limited,NAVNETEDUL,NAVNETEDUL.NS,100.0
Bharti Hexacom Limited,Bharti Hexacom Limited,BHARTIHEXA,BHARTIHEXA.NS,100.0
Dhanuka Agritech Ltd.,Dhanuka Agritech Limited,DHANUKA,DHANUKA.NS,100.0
Greenply Industries Ltd.,Greenply Industries Limited,GREENPLY,GREENPLY.NS,100.0
Greenpanel Industries Limited,Greenpanel Industries Limited,GREENPANEL,GREENPANEL.NS,100.0
Jagran Prakashan Ltd.,Jagran Prakashan Limited,JAGRAN,JAGRAN.NS,100.0
Firstsource Solutions Ltd.,Firstsource Solutions Limited,FSL,FSL.NS,100.0
eClerx Services Limited,eClerx Services Limited,ECLERX,ECLERX.NS,100.0
Krishna Institute Of Medical Sciences Limited,Krishna Institute of Medical Sciences Limited,KIMS,KIMS.NS,100.0
Sudarshan Chemical Industries Limited,Sudarshan Chemical Industries Limited,SUDARSCHEM,SUDARSCHEM.NS,100.0
Power Mech Projects Ltd.,Power Mech Projects Limited,POWERMECH,POWERMECH.NS,100.0
Home First Finance Company India Ltd,Home First Finance Company India Limited,HOMEFIRST,HOMEFIRST.NS,100.0
Aditya Vision Limited,Aditya Vision Limited,AVL,AVL.NS,100.0
Sharda Cropchem Ltd.,Sharda Cropchem Limited,SHARDACROP,SHARDACROP.NS,100.0
KEI Industries Ltd.,KEI Industries Limited,KEI,KEI.NS,100.0
LG Balakrishnan & Bros Ltd.,LG Balakrishnan & Bros Limited,LGBBROSLTD,LGBBROSLTD.NS,100.0
AWFIS SPACE SOLUTIONS LIMITED,Awfis Space Solutions Limited,AWFIS,AWFIS.NS,100.0
PEARL GLOBAL INDUSTRIES LIMITED,Pearl Global Industries Limited,PGIL,PGIL.NS,100.0
Redtape Limited,Redtape Limited,REDTAPE,REDTAPE.NS,100.0
FIEM INDUSTRIES LIMITED,Fiem Industries Limited,FIEMIND,FIEMIND.NS,100.0
Dodla Dairy Limited,Dodla Dairy Limited,DODLA,DODLA.NS,100.0
Shoppers Stop Ltd.,Shoppers Stop Limited,SHOPERSTOP,SHOPERSTOP.NS,100.0
Unichem Laboratories Ltd.,Unichem Laboratories Limited,UNICHEMLAB,UNICHEMLAB.NS,100.0
NRB Bearing Ltd.,NRB Bearing Limited,NRBBEARING,NRBBEARING.NS,100.0
Aadhar Housing Finance Limited,Aadhar Housing Finance Limited,AADHARHFC,AADHARHFC.NS,100.0
Indigo Paints Limited,Indigo Paints Limited,INDIGOPNTS,INDIGOPNTS.NS,100.0
La Opala RG Limited,La Opala RG Limited,LAOPALA,LAOPALA.NS,100.0
GMM Pfaudler Limited,GMM Pfaudler Limited,GMMPFAUDLR,GMMPFAUDLR.NS,100.0
Insecticides (India) Ltd.,Insecticides (India) Limited,INSECTICID,INSECTICID.NS,100.0
Bajaj Consumer Care Ltd.,Bajaj Consumer Care Limited,BAJAJCON,BAJAJCON.NS,100.0
G R Infraprojects Limited,G R Infraprojects Limited,GRINFRA,GRINFRA.NS,100.0
ION EXCHANGE (INDIA) LIMITED,ION Exchange (India) Limited,IONEXCHANG,IONEXCHANG.NS,100.0
SULA VINEYARDS LIMITED,Sula Vineyards Limited,SULA,SULA.NS,100.0
Gujarat Pipavav Port Ltd.,Gujarat Pipavav Port Limited,GPPL,GPPL.NS,100.0
JK Tyre & Industries Limited,JK Tyre & Industries Limited,JKTYRE,JKTYRE.NS,100.0
BEML Limited,BEML Limited,BEML,BEML.NS,100.0
TCI Express Ltd.,TCI Express Limited,TCIEXP,TCIEXP.NS,100.0
T. V. Today Network Ltd.,TV Today Network Limited,TVTODAY,TVTODAY.NS,90.9090909090909
Carborundum Universal Ltd.,Carborundum Universal Limited,CARBORUNIV,CARBORUNIV.NS,100.0
Delta Corp Ltd.,Delta Corp Limited,DELTACORP,DELTACORP.NS,100.0
TCPL PACKAGING LIMITED,TCPL Packaging Limited,TCPLPACK,TCPLPACK.NS,100.0
Trent Limited,Trent Limited,TRENT,TRENT.NS,100.0
LIC Housing Finance Ltd.,LIC Housing Finance Limited,LICHSGFIN,LICHSGFIN.NS,100.0
Ajanta Pharma Limited,Ajanta Pharma Limited,AJANTPHARM,AJANTPHARM.NS,100.0
Adani Energy Solutions Limited,Adani Energy Solutions Limited,ADANIENSOL,ADANIENSOL.NS,100.0
Motilal Oswal Financial Services Ltd.,Motilal Oswal Financial Services Limited,MOTILALOFS,MOTILALOFS.NS,100.0
ITC Limited,ITC Limited,ITC,ITC.NS,100.0
Bandhan Bank Ltd.,Bandhan Bank Limited,BANDHANBNK,BANDHANBNK.NS,100.0
Paradeep Phosphates Limited,Paradeep Phosphates Limited,PARADEEP,PARADEEP.NS,100.0
Solar Industries India Ltd.,Solar Industries India Limited,SOLARINDS,SOLARINDS.NS,100.0
Power Finance Corporation Ltd.,Power Finance Corporation Limited,PFC,PFC.NS,100.0
Blue Star Ltd.,Blue Star Limited,BLUESTARCO,BLUESTARCO.NS,100.0
Divis Laboratories Ltd.,Divi's Laboratories Limited,DIVISLAB,DIVISLAB.NS,100.0
Bank of Baroda Ltd.,Bank of Baroda,BANKBARODA,BANKBARODA.NS,100.0
Dilip Buildcon Ltd.,Dilip Buildcon Limited,DBL,DBL.NS,100.0
Bharat Petroleum Corporation Ltd.,Bharat Petroleum Corporation Limited,BPCL,BPCL.NS,100.0
Hero MotoCorp Ltd.,Hero MotoCorp Limited,HEROMOTOCO,HEROMOTOCO.NS,100.0
Steel Authority Of India Ltd.,Steel Authority of India Limited,SAIL,SAIL.NS,100.0
REC Limited.,REC Limited,RECLTD,RECLTD.NS,100.0
Godrej Industries Ltd.,Godrej Industries Limited,GODREJIND,GODREJIND.NS,100.0
Tata Capital Ltd.,Tata Capital Limited,TATACAP,TATACAP.NS,100.0
IIFL Finance Ltd.,IIFL Finance Limited,IIFL,IIFL.NS,100.0
Grasim Industries Limited,Grasim Industries Limited,GRASIM,GRASIM.NS,100.0
IIFL CAPITAL SERVICES LIMITED,IIFL Capital Services Limited,IIFLCAPS,IIFLCAPS.NS,100.0
Network 18 Media & Investments Limited,Network18 Media & Investments Limited,NETWORK18,NETWORK18.NS,90.9090909090909
Godrej Properties Ltd.,Godrej Properties Limited,GODREJPROP,GODREJPROP.NS,100.0
DCM Shriram Ltd,DCM Shriram Limited,DCMSHRIRAM,DCMSHRIRAM.NS,100.0
Aditya Birla Money Limited,Aditya Birla Money Limited,BIRLAMONEY,BIRLAMONEY.NS,100.0
Fedbank Financial Services Ltd.,Fedbank Financial Services Limited,FEDFINA,FEDFINA.NS,100.0
Canara Bank,Canara Bank,CANBK,CANBK.NS,100.0
Bank of India,Bank of India,BANKINDIA,BANKINDIA.NS,100.0
Punjab National Bank,Punjab National Bank,PNB,PNB.NS,100.0
Punjab & Sind Bank,Punjab & Sind Bank,PSB,PSB.NS,100.0
IDBI Bank Limited,IDBI Bank Limited,IDBI,IDBI.NS,100.0
UCO Bank,UCO Bank,UCOBANK,UCOBANK.NS,100.0
Infosys Ltd.,Infosys Limited,INFY,INFY.NS,100.0
CESC Ltd.,CESC Limited,CESC,CESC.NS,100.0
Krishna Institute Of Healthcare Medical Sciences Limited,Krishna Institute of Medical Sciences Limited,KIMS,KIMS.NS,87.05882352941177
Electronics Mart India Ltd,Electronics Mart India Limited,EMIL,EMIL.NS,100.0
Indoco Remedies Ltd.,Indoco Remedies Limited,INDOCO,INDOCO.NS,100.0
STERLITE TECHNOLOGIES LIMITED,Sterlite Technologies Limited,STLTECH,STLTECH.NS,100.0
METRO BRANDS LIMITED,Metro Brands Limited,METROBRAND,METROBRAND.NS,100.0
Baazar Style Retail Limited,Baazar Style Retail Limited,STYLEBAAZA,STYLEBAAZA.NS,100.0
Tech Mahindra Ltd.,Tech Mahindra Limited,TECHM,TECHM.NS,100.0
INFO EDGE (INDIA) LIMITED,Info Edge (India) Limited,NAUKRI,NAUKRI.NS,100.0
Technocraft Industries (India) Ltd,Technocraft Industries (India) Limited,TIIL,TIIL.NS,100.0
UNIPARTS INDIA LIMITED,Uniparts India Limited,UNIPARTS,UNIPARTS.NS,100.0
The Phoenix Mills Limited,The Phoenix Mills Limited,PHOENIXLTD,PHOENIXLTD.NS,100.0
STL NETWORKS LIMITED,STL Networks Limited,STLNETWORK,STLNETWORK.NS,100.0
Radico Khaitan Limited,Radico Khaitan Limited,RADICO,RADICO.NS,100.0
Sadbhav Infrastructure Project Ltd.,Sadbhav Infrastructure Project Limited,SADBHIN,SADBHIN.NS,100.0
Multi Commodity Exchange of India L,Multi Commodity Exchange of India Limited,MCX,MCX.NS,97.05882352941175
ACME Solar Holdings Limited,Acme Solar Holdings Limited,ACMESOLAR,ACMESOLAR.NS,100.0
Jubilant Ingrevia Limited,Jubilant Ingrevia Limited,JUBLINGREA,JUBLINGREA.NS,100.0
IIFL Finance Limited,IIFL Finance Limited,IIFL,IIFL.NS,100.0
Poonawalla Fincorp Ltd,Poonawalla Fincorp Limited,POONAWALLA,POONAWALLA.NS,100.0
HDB Financial Services Ltd.,HDB Financial Services Limited,HDBFS,HDBFS.NS,100.0
NHPC Ltd.,NHPC Limited,NHPC,NHPC.NS,100.0
Housing and Urban Development Corporation Ltd.,Housing & Urban Development Corporation Limited,HUDCO,HUDCO.NS,94.87179487179486
Aavas Financiers Ltd.,Aavas Financiers Limited,AAVAS,AAVAS.NS,100.0
RBL Bank Ltd.,RBL Bank Limited,RBLBANK,RBLBANK.NS,100.0
KAYNES TECHNOLOGY INDIA LIMITED,Kaynes Technology India Limited,KAYNES,KAYNES.NS,100.0
UPL Ltd.,UPL Limited,UPL,UPL.NS,100.0
RHI MAGNESITA INDIA Limited,RHI MAGNESITA INDIA LIMITED,RHIM,RHIM.NS,100.0
TD Power Systems Ltd.,TD Power Systems Limited,TDPOWERSYS,TDPOWERSYS.NS,100.0
Nestle India Ltd.,Nestle India Limited,NESTLEIND,NESTLEIND.NS,100.0
UTI Asset Management Company Ltd.,UTI Asset Management Company Limited,UTIAMC,UTIAMC.NS,100.0
GAIL (India) Ltd.,GAIL (India) Limited,GAIL,GAIL.NS,100.0
Godrej Consumer Products Company Ltd.,Godrej Consumer Products Limited,GODREJCP,GODREJCP.NS,85.71428571428572
Fusion Finance Limited,Fusion Finance Limited,FUSION,FUSION.NS,100.0
Whirlpool of India Ltd.,Whirlpool of India Limited,WHIRLPOOL,WHIRLPOOL.NS,100.0
Bosch Ltd.,Bosch Limited,BOSCHLTD,BOSCHLTD.NS,100.0
Premier Energies Limited,Premier Energies Limited,PREMIERENE,PREMIERENE.NS,100.0
Sagility Limited,SAGILITY LIMITED,SAGILITY,SAGILITY.NS,100.0
Medi Assist Healthcare Services Limited,Medi Assist Healthcare Services Limited,MEDIASSIST,MEDIASSIST.NS,100.0
Biocon Ltd.,Biocon Limited,BIOCON,BIOCON.NS,100.0
Finolex Cables Ltd.,Finolex Cables Limited,FINCABLES,FINCABLES.NS,100.0
GHCL Limited,GHCL Limited,GHCL,GHCL.NS,100.0
Asian Paints Limited,Asian Paints Limited,ASIANPAINT,ASIANPAINT.NS,100.0
GO FASHION (INDIA) LIMITED,Go Fashion (India) Limited,GOCOLORS,GOCOLORS.NS,100.0
Anthem Biosciences Limited,Anthem Biosciences Limited,ANTHEM,ANTHEM.NS,100.0
DIFFUSION Engineers,Diffusion Engineers Limited,DIFFNKG,DIFFNKG.NS,100.0
GIC Housing Finance Ltd.,GIC Housing Finance Limited,GICHSGFIN,GICHSGFIN.NS,100.0
Aptus Value Housing Finance India Ltd,Aptus Value Housing Finance India Limited,APTUS,APTUS.NS,100.0
JSW Energy Ltd.,JSW Energy Limited,JSWENERGY,JSWENERGY.NS,100.0
Aether Industries Ltd,Aether Industries Limited,AETHER,AETHER.NS,100.0
Afcons Infrastructure Limited,Afcons Infrastructure Limited,AFCONS,AFCONS.NS,100.0
URBAN COMPANY LIMITED,Urban Company Limited,URBANCO,URBANCO.NS,100.0
Aditya Birla Real Estate,Aditya Birla Real Estate Limited,ABREL,ABREL.NS,100.0
Sagitity Limited,SAGILITY LIMITED,SAGILITY,SAGILITY.NS,87.5
RHI MAGNESITA INDIA,RHI MAGNESITA INDIA LIMITED,RHIM,RHIM.NS,100.0
Ola Electric Mobility Limited,Ola Electric Mobility Limited,OLAELEC,OLAELEC.NS,100.0
Astral Limited,Astral Limited,ASTRAL,ASTRAL.NS,100.0
Ceigall India Limited,Ceigall India Limited,CEIGALL,CEIGALL.NS,100.0
Inventurus Knowledge Solutions Limited,Inventurus Knowledge Solutions Limited,IKS,IKS.NS,100.0
JNK India Limited,JNK India Limited,JNKINDIA,JNKINDIA.NS,100.0
Westlife Foodworld Limited,WESTLIFE FOODWORLD LIMITED,WESTLIFE,WESTLIFE.NS,100.0
Jain Resource Recycling Limited,Jain Resource Recycling Limited,JAINREC,JAINREC.NS,100.0
Aditya Infotech Limited,Aditya Infotech Limited,CPPLUS,CPPLUS.NS,100.0
Atlanta Electricals Limited,Atlanta Electricals Limited,ATLANTAELE,ATLANTAELE.NS,100.0
Ellenbarrie Industrial Gases Limited,Ellenbarrie Industrial Gases Limited,ELLEN,ELLEN.NS,100.0
Grindwell Norton Ltd.,Grindwell Norton Limited,GRINDWELL,GRINDWELL.NS,100.0
ABB India Ltd.,ABB India Limited,ABB,ABB.NS,100.0
M&B Engineering Limited,HBL Engineering Limited,HBLENGINE,HBLENGINE.NS,89.65517241379311
Eicher Motors Limited,Eicher Motors Limited,EICHERMOT,EICHERMOT.NS,100.0
Bajaj Auto Ltd.,Bajaj Auto Limited,BAJAJ-AUTO,BAJAJ-AUTO.NS,100.0
MRF Ltd.,MRF Limited,MRF,MRF.NS,100.0
Endurance Technologies Ltd.,Endurance Technologies Limited,ENDURANCE,ENDURANCE.NS,100.0
Container Corporation of India Ltd.,Container Corporation of India Limited,CONCOR,CONCOR.NS,100.0
Aegis Vopak Terminals Limited,Aegis Vopak Terminals Limited,AEGISVOPAK,AEGISVOPAK.NS,100.0
SHARDA MOTOR INDUSTRIES LIMITED,Sharda Motor Industries Limited,SHARDAMOTR,SHARDAMOTR.NS,100.0
Hindustan Aeronautics Ltd.,Hindustan Aeronautics Limited,HAL,HAL.NS,100.0
Solar Industries India Limited,Solar Industries India Limited,SOLARINDS,SOLARINDS.NS,100.0
Astra Microwave Products Ltd.,Astra Microwave Products Limited,ASTRAMICRO,ASTRAMICRO.NS,100.0
Bharat Dynamics Limited,Bharat Dynamics Limited,BDL,BDL.NS,100.0
Premier Explosives Ltd.,Premier Explosives Limited,PREMEXPLN,PREMEXPLN.NS,100.0
Cyient DLM Limited,Cyient DLM Limited,CYIENTDLM,CYIENTDLM.NS,100.0
MTAR Technologies Limited,Mtar Technologies Limited,MTARTECH,MTARTECH.NS,100.0
Mazagon Dock Shipbuilders Ltd,Mazagon Dock Shipbuilders Limited,MAZDOCK,MAZDOCK.NS,100.0
Data Patterns (India) Limited,Data Patterns (India) Limited,DATAPATTNS,DATAPATTNS.NS,100.0
Avalon Technologies Limited,Avalon Technologies Limited,AVALON,AVALON.NS,100.0
Rishabh Instruments Limited,Rishabh Instruments Limited,RISHABH,RISHABH.NS,100.0
Diffusion Engineers Limited,Diffusion Engineers Limited,DIFFNKG,DIFFNKG.NS,100.0
DEE Development Engineers Limited,DEE Development Engineers Limited,DEEDEV,DEEDEV.NS,100.0
IDEAFORGE TECHNOLOGY LIMITED,Ideaforge Technology Limited,IDEAFORGE,IDEAFORGE.NS,100.0
CanFin Homes Ltd.,Can Fin Homes Limited,CANFINHOME,CANFINHOME.NS,96.0
SBFC Finance Limited,SBFC Finance Limited,SBFC,SBFC.NS,100.0
Anand Rathi Share And Stock Brokers Limited,Anand Rathi Share and Stock Brokers Limited,ARSSBL,ARSSBL.NS,100.0
One MobiKwik Systems Limited,One Mobikwik Systems Limited,MOBIKWIK,MOBIKWIK.NS,100.0
LTIMindtree Limited,LTIMindtree Limited,LTIM,LTIM.NS,100.0
Indus Towers Limited,Indus Towers Limited,INDUSTOWER,INDUSTOWER.NS,100.0
Unicommerce eSolutions Limited,Unicommerce Esolutions Limited,UNIECOM,UNIECOM.NS,100.0
Grasim Industries Ltd.,Grasim Industries Limited,GRASIM,GRASIM.NS,100.0
The Tata Power Company Ltd.,Tata Power Company Limited,TATAPOWER,TATAPOWER.NS,90.0
Vedanta Ltd.,Vedanta Limited,VEDL,VEDL.NS,100.0
VODAFONE IDEA LIMITED,Vodafone Idea Limited,IDEA,IDEA.NS,100.0
Varun Beverages Ltd,Varun Beverages Limited,VBL,VBL.NS,100.0
APL Apollo Tubes Ltd.,APL Apollo Tubes Limited,APLAPOLLO,APLAPOLLO.NS,100.0
TVS Motor Company Ltd.,TVS Motor Company Limited,TVSMOTOR,TVSMOTOR.NS,100.0
Jio Financial Services Limited,Jio Financial Services Limited,JIOFIN,JIOFIN.NS,100.0
Lodha Developers Limited,Lodha Developers Limited,LODHA,LODHA.NS,100.0
GMR Airports Limited,GMR AIRPORTS LIMITED,GMRAIRPORT,GMRAIRPORT.NS,100.0
Pidilite Industries Ltd.,Pidilite Industries Limited,PIDILITIND,PIDILITIND.NS,100.0
Adani Green Energy Limited,Adani Green Energy Limited,ADANIGREEN,ADANIGREEN.NS,100.0
Exide Industries Ltd.,Exide Industries Limited,EXIDEIND,EXIDEIND.NS,100.0
HFCL Ltd,HFCL Limited,HFCL,HFCL.NS,100.0
Jindal Steel Ltd.,JINDAL STEEL LIMITED,JINDALSTEL,JINDALSTEL.NS,100.0
Apollo Hospitals Enterprise Limited,Apollo Hospitals Enterprise Limited,APOLLOHOSP,APOLLOHOSP.NS,100.0
Sanofi India Ltd.,Sanofi India Limited,SANOFI,SANOFI.NS,100.0
Vijaya Diagnostic Centre Limited,Vijaya Diagnostic Centre Limited,VIJAYA,VIJAYA.NS,100.0
Acutaas Chemicals Limited,Acutaas Chemicals Limited,ACUTAAS,ACUTAAS.NS,100.0
Cohance Lifesciences Limited,Cohance Lifesciences Limited,COHANCE,COHANCE.NS,100.0
Sai Life Sciences Limited,Sai Life Sciences Limited,SAILIFE,SAILIFE.NS,100.0
Pfizer Ltd.,Pfizer Limited,PFIZER,PFIZER.NS,100.0
Laxmi Dental Limited,Laxmi Dental Limited,LAXMIDENTL,LAXMIDENTL.NS,100.0
UltraTech Cement Ltd.,UltraTech Cement Limited,ULTRACEMCO,ULTRACEMCO.NS,100.0
Birla Corporation Ltd.,Birla Corporation Limited,BIRLACORPN,BIRLACORPN.NS,100.0
Kolte Patil Developers Limited,Kolte - Patil Developers Limited,KOLTEPATIL,KOLTEPATIL.NS,100.0
Repco Home Finance Ltd.,Repco Home Finance Limited,REPCOHOME,REPCOHOME.NS,100.0
Ashoka Buildcon Ltd.,Ashoka Buildcon Limited,ASHOKA,ASHOKA.NS,100.0
Shriram Properties Limited,Shriram Properties Limited,SHRIRAMPPS,SHRIRAMPPS.NS,100.0
Orient Electric Ltd,Orient Electric Limited,ORIENTELEC,ORIENTELEC.NS,100.0
Kajaria Ceramics Ltd.,Kajaria Ceramics Limited,KAJARIACER,KAJARIACER.NS,100.0
Subros Ltd.,Subros Limited,SUBROS,SUBROS.NS,100.0
J. Kumar Infraprojects Ltd.,J.Kumar Infraprojects Limited,JKIL,JKIL.NS,97.5609756097561
IRB Infrastructure Developers Ltd.,IRB Infrastructure Developers Limited,IRB,IRB.NS,100.0
NCC LTD.,NCC Limited,NCC,NCC.NS,100.0
INOX Wind Limited,Inox Wind Limited,INOXWIND,INOXWIND.NS,100.0
Linc Limited,Linc Limited,LINC,LINC.NS,100.0
Indian Energy Exchange Limited,Indian Energy Exchange Limited,IEX,IEX.NS,100.0
IKIO Technologies Limited,IKIO Technologies Limited,IKIO,IKIO.NS,100.0
Dynamatic Technologies Ltd.,Dynamatic Technologies Limited,DYNAMATECH,DYNAMATECH.NS,100.0
Ahluwalia Contracts (India) Limited,Ahluwalia Contracts (India) Limited,AHLUCONT,AHLUCONT.NS,100.0
Abbott India Ltd.,Abbott India Limited,ABBOTINDIA,ABBOTINDIA.NS,100.0
Honeywell Automation India Ltd.,Honeywell Automation India Limited,HONAUT,HONAUT.NS,100.0
Astrazeneca Pharma India Ltd.,AstraZeneca Pharma India Limited,ASTRAZEN,ASTRAZEN.NS,100.0
Schaeffler India Ltd.,Schaeffler India Limited,SCHAEFFLER,SCHAEFFLER.NS,100.0
Siemens Energy India,Siemens Energy India Limited,ENRIN,ENRIN.NS,100.0
T V S Motor Company Ltd.,TVS Motor Company Limited,TVSMOTOR,TVSMOTOR.NS,88.88888888888889
Jupiter Life Line Hospitals Limited,Jupiter Life Line Hospitals Limited,JLHL,JLHL.NS,100.0
Bata India Limited,Bata India Limited,BATAINDIA,BATAINDIA.NS,100.0
Vijaya Diagnostic Centre,Vijaya Diagnostic Centre Limited,VIJAYA,VIJAYA.NS,100.0
Safari Industries (India) Ltd.,Safari Industries (India) Limited,SAFARI,SAFARI.NS,100.0
Godavari Biorefineries Limited,Godavari Biorefineries Limited,GODAVARIB,GODAVARIB.NS,100.0
DOMS Industries Limited,DOMS Industries Limited,DOMS,DOMS.NS,100.0
Vedant Fashions Ltd,Vedant Fashions Limited,MANYAVAR,MANYAVAR.NS,100.0
Maruti Suzuki India Ltd.,Maruti Suzuki India Limited,MARUTI,MARUTI.NS,100.0
Saatvik Green Energy Limited,Saatvik Green Energy Limited,SAATVIKGL,SAATVIKGL.NS,100.0
Centum Electronics Limited,Centum Electronics Limited,CENTUM,CENTUM.NS,100.0
Craftsman Automation Ltd.,Craftsman Automation Limited,CRAFTSMAN,CRAFTSMAN.NS,100.0
Bansal Wire Industries Limited,Bansal Wire Industries Limited,BANSALWIRE,BANSALWIRE.NS,100.0
Syrma SGS Technology Ltd.,Syrma SGS Technology Limited,SYRMA,SYRMA.NS,100.0
Archean Chemical Industries Limited,Archean Chemical Industries Limited,ACI,ACI.NS,100.0
Eris Lifesciences Ltd.,Eris Lifesciences Limited,ERIS,ERIS.NS,100.0
Jubilant Pharmova Limited,Jubilant Pharmova Limited,JUBLPHARMA,JUBLPHARMA.NS,100.0
Ambet Enterprises India Ltd.,Amber Enterprises India Limited,AMBER,AMBER.NS,95.65217391304348
Time Technoplast Limited,Time Technoplast Limited,TIMETECHNO,TIMETECHNO.NS,100.0
Clean Science & Technology Ltd,Clean Science and Technology Limited,CLEAN,CLEAN.NS,92.3076923076923
Tatva Chintan Pharma Chem Ltd,Tatva Chintan Pharma Chem Limited,TATVA,TATVA.NS,100.0
3M India Ltd.,3M India Limited,3MINDIA,3MINDIA.NS,100.0
Navin Fluorine International Ltd.,Navin Fluorine International Limited,NAVINFLUOR,NAVINFLUOR.NS,100.0
Torrent Power Ltd.,Torrent Power Limited,TORNTPOWER,TORNTPOWER.NS,100.0
TBO TEK LIMITED,TBO Tek Limited,TBOTEK,TBOTEK.NS,100.0
PI Industries Ltd.,PI Industries Limited,PIIND,PIIND.NS,100.0
Alkyl Amines Chemicals Limited,Alkyl Amines Chemicals Limited,ALKYLAMINE,ALKYLAMINE.NS,100.0
GODREJ CONSUMER PRODUCTS LTD.,Godrej Consumer Products Limited,GODREJCP,GODREJCP.NS,100.0
Le Travenues Technology Limited,Le Travenues Technology Limited,IXIGO,IXIGO.NS,100.0
Samvardhana Motherson International Ltd.,Samvardhana Motherson International Limited,MOTHERSON,MOTHERSON.NS,100.0
HCL Technologies Limited,HCL Technologies Limited,HCLTECH,HCLTECH.NS,100.0
L&T Technology Services Limited,L&T Technology Services Limited,LTTS,LTTS.NS,100.0
J.Kumar Infraprojects Ltd.,J.Kumar Infraprojects Limited,JKIL,JKIL.NS,100.0
Mishra Dhatu Nigam Ltd.,Mishra Dhatu Nigam Limited,MIDHANI,MIDHANI.NS,100.0
TEGA INDUSTRIES LIMITED,Tega Industries Limited,TEGA,TEGA.NS,100.0
LMW Limited,LMW Limited,LMW,LMW.NS,100.0
Kirloskar Institute Of Medical Sciences Limited,Krishna Institute of Medical Sciences Limited,KIMS,KIMS.NS,89.47368421052632
MM Forgings Ltd.,MM Forgings Limited,MMFL,MMFL.NS,100.0
Mahanagar Telephone Nigam Ltd.,Mahanagar Telephone Nigam Limited,MTNL,MTNL.NS,100.0
Indian Oil Corporation Ltd.,Indian Oil Corporation Limited,IOC,IOC.NS,100.0
Hindustan Unilever Limited,Hindustan Unilever Limited,HINDUNILVR,HINDUNILVR.NS,100.0
Grindwell Norton Limited,Grindwell Norton Limited,GRINDWELL,GRINDWELL.NS,100.0
Paradeep Phosphates Ltd.,Paradeep Phosphates Limited,PARADEEP,PARADEEP.NS,100.0
Chemplast Sanmar Limited,Chemplast Sanmar Limited,CHEMPLASTS,CHEMPLASTS.NS,100.0
JK Paper Ltd.,JK Paper Limited,JKPAPER,JKPAPER.NS,100.0
Aster DM Healthcare Ltd.,Aster DM Healthcare Limited,ASTERDM,ASTERDM.NS,100.0
Belrise Industries Limited,Belrise Industries Limited,BELRISE,BELRISE.NS,100.0
S.J.S. Enterprises Limited,S.J.S. Enterprises Limited,SJS,SJS.NS,100.0
Landmark Cars Limited,Landmark Cars Limited,LANDMARK,LANDMARK.NS,100.0
VST Industries Ltd.,VST Industries Limited,VSTIND,VSTIND.NS,100.0
Ador Welding Ltd.,Ador Welding Limited,ADOR,ADOR.NS,100.0
Cohance Lifesciences Limited ,Cohance Lifesciences Limited,COHANCE,COHANCE.NS,100.0
Indiabulls Financial Services Ltd.,PTC India Financial Services Limited,PFS,PFS.NS,85.24590163934427
Hindustan Petroleum Corporation Limited,Hindustan Petroleum Corporation Limited,HINDPETRO,HINDPETRO.NS,100.0
Akzo Nobel India Limited,Akzo Nobel India Limited,AKZOINDIA,AKZOINDIA.NS,100.0
PVR INOX LIMITED,PVR INOX Limited,PVRINOX,PVRINOX.NS,100.0
